rv2-04-q1-short-near-base-present-gold	analysis/bonsai2/margin_extension/ids/rv2-04-q1-short-near-base-present-gold.ids	1038	1038	9
rv2-04-q1-short-near-base-present-wrong	analysis/bonsai2/margin_extension/ids/rv2-04-q1-short-near-base-present-wrong.ids	1038	1038	9
rv2-04-q1-short-near-base-target-removed-gold	analysis/bonsai2/margin_extension/ids/rv2-04-q1-short-near-base-target-removed-gold.ids	999	999	9
rv2-04-q1-short-near-base-target-removed-wrong	analysis/bonsai2/margin_extension/ids/rv2-04-q1-short-near-base-target-removed-wrong.ids	999	999	9
rv2-04-q1-long-near-base-present-gold	analysis/bonsai2/margin_extension/ids/rv2-04-q1-long-near-base-present-gold.ids	12305	12305	9
rv2-04-q1-long-near-base-present-wrong	analysis/bonsai2/margin_extension/ids/rv2-04-q1-long-near-base-present-wrong.ids	12305	12305	9
rv2-04-q1-long-near-base-target-removed-gold	analysis/bonsai2/margin_extension/ids/rv2-04-q1-long-near-base-target-removed-gold.ids	12266	12266	9
rv2-04-q1-long-near-base-target-removed-wrong	analysis/bonsai2/margin_extension/ids/rv2-04-q1-long-near-base-target-removed-wrong.ids	12266	12266	9
rv2-04-q1-long-far-base-present-gold	analysis/bonsai2/margin_extension/ids/rv2-04-q1-long-far-base-present-gold.ids	12305	12305	9
rv2-04-q1-long-far-base-present-wrong	analysis/bonsai2/margin_extension/ids/rv2-04-q1-long-far-base-present-wrong.ids	12305	12305	9
rv2-04-q1-long-far-base-target-removed-gold	analysis/bonsai2/margin_extension/ids/rv2-04-q1-long-far-base-target-removed-gold.ids	12266	12266	9
rv2-04-q1-long-far-base-target-removed-wrong	analysis/bonsai2/margin_extension/ids/rv2-04-q1-long-far-base-target-removed-wrong.ids	12266	12266	9
rv2-04-q1-short-near-swap-present-gold	analysis/bonsai2/margin_extension/ids/rv2-04-q1-short-near-swap-present-gold.ids	1038	1038	9
rv2-04-q1-short-near-swap-present-wrong	analysis/bonsai2/margin_extension/ids/rv2-04-q1-short-near-swap-present-wrong.ids	1038	1038	9
rv2-04-q1-short-near-swap-target-removed-gold	analysis/bonsai2/margin_extension/ids/rv2-04-q1-short-near-swap-target-removed-gold.ids	999	999	9
rv2-04-q1-short-near-swap-target-removed-wrong	analysis/bonsai2/margin_extension/ids/rv2-04-q1-short-near-swap-target-removed-wrong.ids	999	999	9
rv2-04-q1-long-near-swap-present-gold	analysis/bonsai2/margin_extension/ids/rv2-04-q1-long-near-swap-present-gold.ids	12305	12305	9
rv2-04-q1-long-near-swap-present-wrong	analysis/bonsai2/margin_extension/ids/rv2-04-q1-long-near-swap-present-wrong.ids	12305	12305	9
rv2-04-q1-long-near-swap-target-removed-gold	analysis/bonsai2/margin_extension/ids/rv2-04-q1-long-near-swap-target-removed-gold.ids	12266	12266	9
rv2-04-q1-long-near-swap-target-removed-wrong	analysis/bonsai2/margin_extension/ids/rv2-04-q1-long-near-swap-target-removed-wrong.ids	12266	12266	9
rv2-04-q1-long-far-swap-present-gold	analysis/bonsai2/margin_extension/ids/rv2-04-q1-long-far-swap-present-gold.ids	12305	12305	9
rv2-04-q1-long-far-swap-present-wrong	analysis/bonsai2/margin_extension/ids/rv2-04-q1-long-far-swap-present-wrong.ids	12305	12305	9
rv2-04-q1-long-far-swap-target-removed-gold	analysis/bonsai2/margin_extension/ids/rv2-04-q1-long-far-swap-target-removed-gold.ids	12266	12266	9
rv2-04-q1-long-far-swap-target-removed-wrong	analysis/bonsai2/margin_extension/ids/rv2-04-q1-long-far-swap-target-removed-wrong.ids	12266	12266	9
rv2-05-q1-short-near-base-present-gold	analysis/bonsai2/margin_extension/ids/rv2-05-q1-short-near-base-present-gold.ids	1044	1044	9
rv2-05-q1-short-near-base-present-wrong	analysis/bonsai2/margin_extension/ids/rv2-05-q1-short-near-base-present-wrong.ids	1044	1044	9
rv2-05-q1-short-near-base-target-removed-gold	analysis/bonsai2/margin_extension/ids/rv2-05-q1-short-near-base-target-removed-gold.ids	1004	1004	9
rv2-05-q1-short-near-base-target-removed-wrong	analysis/bonsai2/margin_extension/ids/rv2-05-q1-short-near-base-target-removed-wrong.ids	1004	1004	9
rv2-05-q1-long-near-base-present-gold	analysis/bonsai2/margin_extension/ids/rv2-05-q1-long-near-base-present-gold.ids	12294	12294	9
rv2-05-q1-long-near-base-present-wrong	analysis/bonsai2/margin_extension/ids/rv2-05-q1-long-near-base-present-wrong.ids	12294	12294	9
rv2-05-q1-long-near-base-target-removed-gold	analysis/bonsai2/margin_extension/ids/rv2-05-q1-long-near-base-target-removed-gold.ids	12254	12254	9
rv2-05-q1-long-near-base-target-removed-wrong	analysis/bonsai2/margin_extension/ids/rv2-05-q1-long-near-base-target-removed-wrong.ids	12254	12254	9
rv2-05-q1-long-far-base-present-gold	analysis/bonsai2/margin_extension/ids/rv2-05-q1-long-far-base-present-gold.ids	12294	12294	9
rv2-05-q1-long-far-base-present-wrong	analysis/bonsai2/margin_extension/ids/rv2-05-q1-long-far-base-present-wrong.ids	12294	12294	9
rv2-05-q1-long-far-base-target-removed-gold	analysis/bonsai2/margin_extension/ids/rv2-05-q1-long-far-base-target-removed-gold.ids	12254	12254	9
rv2-05-q1-long-far-base-target-removed-wrong	analysis/bonsai2/margin_extension/ids/rv2-05-q1-long-far-base-target-removed-wrong.ids	12254	12254	9
rv2-05-q1-short-near-swap-present-gold	analysis/bonsai2/margin_extension/ids/rv2-05-q1-short-near-swap-present-gold.ids	1044	1044	9
rv2-05-q1-short-near-swap-present-wrong	analysis/bonsai2/margin_extension/ids/rv2-05-q1-short-near-swap-present-wrong.ids	1044	1044	9
rv2-05-q1-short-near-swap-target-removed-gold	analysis/bonsai2/margin_extension/ids/rv2-05-q1-short-near-swap-target-removed-gold.ids	1004	1004	9
rv2-05-q1-short-near-swap-target-removed-wrong	analysis/bonsai2/margin_extension/ids/rv2-05-q1-short-near-swap-target-removed-wrong.ids	1004	1004	9
rv2-05-q1-long-near-swap-present-gold	analysis/bonsai2/margin_extension/ids/rv2-05-q1-long-near-swap-present-gold.ids	12294	12294	9
rv2-05-q1-long-near-swap-present-wrong	analysis/bonsai2/margin_extension/ids/rv2-05-q1-long-near-swap-present-wrong.ids	12294	12294	9
rv2-05-q1-long-near-swap-target-removed-gold	analysis/bonsai2/margin_extension/ids/rv2-05-q1-long-near-swap-target-removed-gold.ids	12254	12254	9
rv2-05-q1-long-near-swap-target-removed-wrong	analysis/bonsai2/margin_extension/ids/rv2-05-q1-long-near-swap-target-removed-wrong.ids	12254	12254	9
rv2-05-q1-long-far-swap-present-gold	analysis/bonsai2/margin_extension/ids/rv2-05-q1-long-far-swap-present-gold.ids	12294	12294	9
rv2-05-q1-long-far-swap-present-wrong	analysis/bonsai2/margin_extension/ids/rv2-05-q1-long-far-swap-present-wrong.ids	12294	12294	9
rv2-05-q1-long-far-swap-target-removed-gold	analysis/bonsai2/margin_extension/ids/rv2-05-q1-long-far-swap-target-removed-gold.ids	12254	12254	9
rv2-05-q1-long-far-swap-target-removed-wrong	analysis/bonsai2/margin_extension/ids/rv2-05-q1-long-far-swap-target-removed-wrong.ids	12254	12254	9
rv2-06-q1-short-near-base-present-gold	analysis/bonsai2/margin_extension/ids/rv2-06-q1-short-near-base-present-gold.ids	1036	1036	9
rv2-06-q1-short-near-base-present-wrong	analysis/bonsai2/margin_extension/ids/rv2-06-q1-short-near-base-present-wrong.ids	1036	1036	9
rv2-06-q1-short-near-base-target-removed-gold	analysis/bonsai2/margin_extension/ids/rv2-06-q1-short-near-base-target-removed-gold.ids	997	997	9
rv2-06-q1-short-near-base-target-removed-wrong	analysis/bonsai2/margin_extension/ids/rv2-06-q1-short-near-base-target-removed-wrong.ids	997	997	9
rv2-06-q1-long-near-base-present-gold	analysis/bonsai2/margin_extension/ids/rv2-06-q1-long-near-base-present-gold.ids	12294	12294	9
rv2-06-q1-long-near-base-present-wrong	analysis/bonsai2/margin_extension/ids/rv2-06-q1-long-near-base-present-wrong.ids	12294	12294	9
rv2-06-q1-long-near-base-target-removed-gold	analysis/bonsai2/margin_extension/ids/rv2-06-q1-long-near-base-target-removed-gold.ids	12255	12255	9
rv2-06-q1-long-near-base-target-removed-wrong	analysis/bonsai2/margin_extension/ids/rv2-06-q1-long-near-base-target-removed-wrong.ids	12255	12255	9
rv2-06-q1-long-far-base-present-gold	analysis/bonsai2/margin_extension/ids/rv2-06-q1-long-far-base-present-gold.ids	12294	12294	9
rv2-06-q1-long-far-base-present-wrong	analysis/bonsai2/margin_extension/ids/rv2-06-q1-long-far-base-present-wrong.ids	12294	12294	9
rv2-06-q1-long-far-base-target-removed-gold	analysis/bonsai2/margin_extension/ids/rv2-06-q1-long-far-base-target-removed-gold.ids	12255	12255	9
rv2-06-q1-long-far-base-target-removed-wrong	analysis/bonsai2/margin_extension/ids/rv2-06-q1-long-far-base-target-removed-wrong.ids	12255	12255	9
rv2-06-q1-short-near-swap-present-gold	analysis/bonsai2/margin_extension/ids/rv2-06-q1-short-near-swap-present-gold.ids	1036	1036	9
rv2-06-q1-short-near-swap-present-wrong	analysis/bonsai2/margin_extension/ids/rv2-06-q1-short-near-swap-present-wrong.ids	1036	1036	9
rv2-06-q1-short-near-swap-target-removed-gold	analysis/bonsai2/margin_extension/ids/rv2-06-q1-short-near-swap-target-removed-gold.ids	997	997	9
rv2-06-q1-short-near-swap-target-removed-wrong	analysis/bonsai2/margin_extension/ids/rv2-06-q1-short-near-swap-target-removed-wrong.ids	997	997	9
rv2-06-q1-long-near-swap-present-gold	analysis/bonsai2/margin_extension/ids/rv2-06-q1-long-near-swap-present-gold.ids	12294	12294	9
rv2-06-q1-long-near-swap-present-wrong	analysis/bonsai2/margin_extension/ids/rv2-06-q1-long-near-swap-present-wrong.ids	12294	12294	9
rv2-06-q1-long-near-swap-target-removed-gold	analysis/bonsai2/margin_extension/ids/rv2-06-q1-long-near-swap-target-removed-gold.ids	12255	12255	9
rv2-06-q1-long-near-swap-target-removed-wrong	analysis/bonsai2/margin_extension/ids/rv2-06-q1-long-near-swap-target-removed-wrong.ids	12255	12255	9
rv2-06-q1-long-far-swap-present-gold	analysis/bonsai2/margin_extension/ids/rv2-06-q1-long-far-swap-present-gold.ids	12294	12294	9
rv2-06-q1-long-far-swap-present-wrong	analysis/bonsai2/margin_extension/ids/rv2-06-q1-long-far-swap-present-wrong.ids	12294	12294	9
rv2-06-q1-long-far-swap-target-removed-gold	analysis/bonsai2/margin_extension/ids/rv2-06-q1-long-far-swap-target-removed-gold.ids	12255	12255	9
rv2-06-q1-long-far-swap-target-removed-wrong	analysis/bonsai2/margin_extension/ids/rv2-06-q1-long-far-swap-target-removed-wrong.ids	12255	12255	9
rv2-07-q1-short-near-base-present-gold	analysis/bonsai2/margin_extension/ids/rv2-07-q1-short-near-base-present-gold.ids	1040	1040	9
rv2-07-q1-short-near-base-present-wrong	analysis/bonsai2/margin_extension/ids/rv2-07-q1-short-near-base-present-wrong.ids	1040	1040	9
rv2-07-q1-short-near-base-target-removed-gold	analysis/bonsai2/margin_extension/ids/rv2-07-q1-short-near-base-target-removed-gold.ids	1000	1000	9
rv2-07-q1-short-near-base-target-removed-wrong	analysis/bonsai2/margin_extension/ids/rv2-07-q1-short-near-base-target-removed-wrong.ids	1000	1000	9
rv2-07-q1-long-near-base-present-gold	analysis/bonsai2/margin_extension/ids/rv2-07-q1-long-near-base-present-gold.ids	12289	12289	9
rv2-07-q1-long-near-base-present-wrong	analysis/bonsai2/margin_extension/ids/rv2-07-q1-long-near-base-present-wrong.ids	12289	12289	9
rv2-07-q1-long-near-base-target-removed-gold	analysis/bonsai2/margin_extension/ids/rv2-07-q1-long-near-base-target-removed-gold.ids	12249	12249	9
rv2-07-q1-long-near-base-target-removed-wrong	analysis/bonsai2/margin_extension/ids/rv2-07-q1-long-near-base-target-removed-wrong.ids	12249	12249	9
rv2-07-q1-long-far-base-present-gold	analysis/bonsai2/margin_extension/ids/rv2-07-q1-long-far-base-present-gold.ids	12289	12289	9
rv2-07-q1-long-far-base-present-wrong	analysis/bonsai2/margin_extension/ids/rv2-07-q1-long-far-base-present-wrong.ids	12289	12289	9
rv2-07-q1-long-far-base-target-removed-gold	analysis/bonsai2/margin_extension/ids/rv2-07-q1-long-far-base-target-removed-gold.ids	12249	12249	9
rv2-07-q1-long-far-base-target-removed-wrong	analysis/bonsai2/margin_extension/ids/rv2-07-q1-long-far-base-target-removed-wrong.ids	12249	12249	9
rv2-07-q1-short-near-swap-present-gold	analysis/bonsai2/margin_extension/ids/rv2-07-q1-short-near-swap-present-gold.ids	1040	1040	9
rv2-07-q1-short-near-swap-present-wrong	analysis/bonsai2/margin_extension/ids/rv2-07-q1-short-near-swap-present-wrong.ids	1040	1040	9
rv2-07-q1-short-near-swap-target-removed-gold	analysis/bonsai2/margin_extension/ids/rv2-07-q1-short-near-swap-target-removed-gold.ids	1000	1000	9
rv2-07-q1-short-near-swap-target-removed-wrong	analysis/bonsai2/margin_extension/ids/rv2-07-q1-short-near-swap-target-removed-wrong.ids	1000	1000	9
rv2-07-q1-long-near-swap-present-gold	analysis/bonsai2/margin_extension/ids/rv2-07-q1-long-near-swap-present-gold.ids	12289	12289	9
rv2-07-q1-long-near-swap-present-wrong	analysis/bonsai2/margin_extension/ids/rv2-07-q1-long-near-swap-present-wrong.ids	12289	12289	9
rv2-07-q1-long-near-swap-target-removed-gold	analysis/bonsai2/margin_extension/ids/rv2-07-q1-long-near-swap-target-removed-gold.ids	12249	12249	9
rv2-07-q1-long-near-swap-target-removed-wrong	analysis/bonsai2/margin_extension/ids/rv2-07-q1-long-near-swap-target-removed-wrong.ids	12249	12249	9
rv2-07-q1-long-far-swap-present-gold	analysis/bonsai2/margin_extension/ids/rv2-07-q1-long-far-swap-present-gold.ids	12289	12289	9
rv2-07-q1-long-far-swap-present-wrong	analysis/bonsai2/margin_extension/ids/rv2-07-q1-long-far-swap-present-wrong.ids	12289	12289	9
rv2-07-q1-long-far-swap-target-removed-gold	analysis/bonsai2/margin_extension/ids/rv2-07-q1-long-far-swap-target-removed-gold.ids	12249	12249	9
rv2-07-q1-long-far-swap-target-removed-wrong	analysis/bonsai2/margin_extension/ids/rv2-07-q1-long-far-swap-target-removed-wrong.ids	12249	12249	9
