2026/09/29 13:05:18.048, 8232 MiB, 3582 MiB, 100 %
2026/09/29 13:05:18.549, 8232 MiB, 3582 MiB, 100 %
2026/09/29 13:05:19.049, 8232 MiB, 3582 MiB, 100 %
2026/09/29 13:05:19.549, 8232 MiB, 3582 MiB, 100 %
2026/09/29 13:05:20.050, 8232 MiB, 3582 MiB, 99 %
2026/09/29 13:05:20.550, 8232 MiB, 3582 MiB, 100 %
2026/09/29 13:05:21.050, 8232 MiB, 3582 MiB, 100 %
2026/09/29 13:05:21.550, 8232 MiB, 3582 MiB, 100 %
2026/09/29 13:05:22.050, 8232 MiB, 3582 MiB, 99 %
2026/09/29 13:05:22.550, 8232 MiB, 3582 MiB, 100 %
2026/09/29 13:05:23.050, 8232 MiB, 3582 MiB, 100 %
2026/09/29 13:05:23.550, 8232 MiB, 3582 MiB, 100 %
2026/09/29 13:05:24.051, 8232 MiB, 3582 MiB, 92 %
2026/09/29 13:05:24.551, 8232 MiB, 3582 MiB, 5 %
2026/09/29 13:05:25.051, 8232 MiB, 3582 MiB, 5 %
2026/09/29 13:05:25.551, 8232 MiB, 3582 MiB, 5 %
2026/09/29 13:05:26.051, 8232 MiB, 3582 MiB, 5 %
2026/09/29 13:05:26.551, 8232 MiB, 3582 MiB, 5 %
2026/09/29 13:05:27.051, 8232 MiB, 3582 MiB, 5 %
2026/09/29 13:05:27.551, 8232 MiB, 3582 MiB, 5 %
2026/09/29 13:05:28.052, 8232 MiB, 3582 MiB, 5 %
2026/09/29 13:05:28.552, 8232 MiB, 3582 MiB, 5 %
2026/09/29 13:05:29.052, 8232 MiB, 3582 MiB, 5 %
2026/09/29 13:05:29.552, 8232 MiB, 3582 MiB, 5 %
2026/09/29 13:05:30.052, 8232 MiB, 3582 MiB, 5 %
2026/09/29 13:05:30.552, 8232 MiB, 3582 MiB, 5 %
2026/09/29 13:05:31.052, 8232 MiB, 3582 MiB, 5 %
2026/09/29 13:05:31.552, 8232 MiB, 3582 MiB, 5 %
2026/09/29 13:05:32.053, 8232 MiB, 3582 MiB, 5 %
2026/09/29 13:05:32.553, 8232 MiB, 3582 MiB, 5 %
2026/09/29 13:05:33.053, 8232 MiB, 3582 MiB, 5 %
2026/09/29 13:05:33.553, 8232 MiB, 3582 MiB, 5 %
2026/09/29 13:05:34.053, 8232 MiB, 3582 MiB, 5 %
2026/09/29 13:05:34.553, 8232 MiB, 3582 MiB, 5 %
2026/09/29 13:05:35.053, 8232 MiB, 3582 MiB, 5 %
2026/09/29 13:05:35.553, 8232 MiB, 3582 MiB, 5 %
2026/09/29 13:05:36.053, 8232 MiB, 3582 MiB, 5 %
2026/09/29 13:05:36.554, 8232 MiB, 3582 MiB, 5 %
2026/09/29 13:05:37.054, 8232 MiB, 3582 MiB, 5 %
2026/09/29 13:05:37.554, 8232 MiB, 3582 MiB, 5 %
2026/09/29 13:05:38.054, 8232 MiB, 3582 MiB, 5 %
2026/09/29 13:05:38.554, 8232 MiB, 3582 MiB, 5 %
2026/09/29 13:05:39.054, 8232 MiB, 3582 MiB, 5 %
2026/09/29 13:05:39.554, 8232 MiB, 3582 MiB, 5 %
2026/09/29 13:05:40.054, 8232 MiB, 3582 MiB, 5 %
2026/09/29 13:05:40.555, 8232 MiB, 3582 MiB, 5 %
2026/09/29 13:05:41.055, 8232 MiB, 3582 MiB, 5 %
2026/09/29 13:05:41.555, 8232 MiB, 3582 MiB, 5 %
2026/09/29 13:05:42.055, 8232 MiB, 3582 MiB, 5 %
2026/09/29 13:05:42.555, 8232 MiB, 3582 MiB, 5 %
2026/09/29 13:05:43.055, 8232 MiB, 3582 MiB, 5 %
2026/09/29 13:05:43.555, 8232 MiB, 3582 MiB, 5 %
2026/09/29 13:05:44.055, 8232 MiB, 3582 MiB, 5 %
2026/09/29 13:05:44.556, 8232 MiB, 3582 MiB, 5 %
2026/09/29 13:05:45.056, 8232 MiB, 3582 MiB, 5 %
2026/09/29 13:05:45.556, 8232 MiB, 3582 MiB, 5 %
2026/09/29 13:05:46.056, 8232 MiB, 3582 MiB, 5 %
2026/09/29 13:05:46.556, 8232 MiB, 3582 MiB, 5 %
2026/09/29 13:05:47.056, 8232 MiB, 3582 MiB, 5 %
2026/09/29 13:05:47.556, 8232 MiB, 3582 MiB, 5 %
2026/09/29 13:05:48.056, 8232 MiB, 3582 MiB, 5 %
2026/09/29 13:05:48.557, 8232 MiB, 3582 MiB, 5 %
2026/09/29 13:05:49.057, 8232 MiB, 3582 MiB, 5 %
2026/09/29 13:05:49.557, 8232 MiB, 3582 MiB, 5 %
2026/09/29 13:05:50.057, 8232 MiB, 3582 MiB, 5 %
2026/09/29 13:05:50.557, 8232 MiB, 3582 MiB, 5 %
2026/09/29 13:05:51.057, 8232 MiB, 3582 MiB, 5 %
2026/09/29 13:05:51.557, 8232 MiB, 3582 MiB, 5 %
2026/09/29 13:05:52.057, 8232 MiB, 3582 MiB, 5 %
2026/09/29 13:05:52.558, 8232 MiB, 3582 MiB, 5 %
2026/09/29 13:05:53.058, 8232 MiB, 3582 MiB, 5 %
2026/09/29 13:05:53.558, 8232 MiB, 3582 MiB, 5 %
2026/09/29 13:05:54.058, 8232 MiB, 3582 MiB, 5 %
2026/09/29 13:05:54.558, 8232 MiB, 3582 MiB, 5 %
2026/09/29 13:05:55.058, 8232 MiB, 3582 MiB, 5 %
2026/09/29 13:05:55.558, 8232 MiB, 3582 MiB, 5 %
2026/09/29 13:05:56.058, 8232 MiB, 3582 MiB, 5 %
2026/09/29 13:05:56.558, 8232 MiB, 3582 MiB, 5 %
2026/09/29 13:05:57.059, 8232 MiB, 3582 MiB, 5 %
2026/09/29 13:05:57.559, 8232 MiB, 3582 MiB, 5 %
2026/09/29 13:05:58.059, 8232 MiB, 3582 MiB, 5 %
2026/09/29 13:05:58.559, 8232 MiB, 3582 MiB, 5 %
2026/09/29 13:05:59.059, 8232 MiB, 3582 MiB, 5 %
2026/09/29 13:05:59.559, 8232 MiB, 3582 MiB, 5 %
2026/09/29 13:06:00.059, 8232 MiB, 3582 MiB, 5 %
2026/09/29 13:06:00.559, 8232 MiB, 3582 MiB, 5 %
2026/09/29 13:06:01.059, 8232 MiB, 3582 MiB, 5 %
2026/09/29 13:06:01.560, 8232 MiB, 3582 MiB, 6 %
2026/09/29 13:06:02.060, 8232 MiB, 3582 MiB, 8 %
2026/09/29 13:06:02.560, 8232 MiB, 3582 MiB, 0 %
2026/09/29 13:06:03.060, 8232 MiB, 3582 MiB, 6 %
2026/09/29 13:06:03.560, 8232 MiB, 3582 MiB, 5 %
2026/09/29 13:06:04.060, 8232 MiB, 3582 MiB, 6 %
2026/09/29 13:06:04.560, 8232 MiB, 3582 MiB, 6 %
2026/09/29 13:06:05.060, 8232 MiB, 3582 MiB, 6 %
2026/09/29 13:06:05.561, 8232 MiB, 3582 MiB, 6 %
2026/09/29 13:06:06.061, 8232 MiB, 3582 MiB, 6 %
2026/09/29 13:06:06.561, 8232 MiB, 3582 MiB, 6 %
2026/09/29 13:06:07.061, 8232 MiB, 3582 MiB, 6 %
2026/09/29 13:06:07.561, 8232 MiB, 3582 MiB, 6 %
2026/09/29 13:06:08.061, 8232 MiB, 3582 MiB, 3 %
2026/09/29 13:06:08.561, 8232 MiB, 3582 MiB, 6 %
2026/09/29 13:06:09.061, 8232 MiB, 3582 MiB, 6 %
2026/09/29 13:06:09.562, 8232 MiB, 3582 MiB, 6 %
2026/09/29 13:06:10.062, 8232 MiB, 3582 MiB, 7 %
2026/09/29 13:06:10.562, 8232 MiB, 3582 MiB, 6 %
2026/09/29 13:06:11.062, 8232 MiB, 3582 MiB, 6 %
2026/09/29 13:06:11.562, 8232 MiB, 3582 MiB, 6 %
2026/09/29 13:06:12.062, 8232 MiB, 3582 MiB, 6 %
2026/09/29 13:06:12.562, 8232 MiB, 3582 MiB, 4 %
2026/09/29 13:06:13.063, 8232 MiB, 3582 MiB, 6 %
2026/09/29 13:06:13.563, 8232 MiB, 3582 MiB, 0 %
2026/09/29 13:06:14.063, 8232 MiB, 3582 MiB, 6 %
2026/09/29 13:06:14.563, 8232 MiB, 3582 MiB, 8 %
2026/09/29 13:06:15.063, 8232 MiB, 3582 MiB, 2 %
2026/09/29 13:06:15.563, 8232 MiB, 3582 MiB, 0 %
2026/09/29 13:06:16.063, 8232 MiB, 3582 MiB, 0 %
2026/09/29 13:06:16.564, 8233 MiB, 3581 MiB, 5 %
2026/09/29 13:06:17.064, 8233 MiB, 3581 MiB, 5 %
2026/09/29 13:06:17.564, 8233 MiB, 3581 MiB, 5 %
2026/09/29 13:06:18.064, 8233 MiB, 3581 MiB, 100 %
2026/09/29 13:06:18.564, 8233 MiB, 3581 MiB, 31 %
2026/09/29 13:06:19.064, 8233 MiB, 3581 MiB, 93 %
2026/09/29 13:06:19.564, 8233 MiB, 3581 MiB, 100 %
2026/09/29 13:06:20.064, 8233 MiB, 3581 MiB, 100 %
2026/09/29 13:06:20.565, 8233 MiB, 3581 MiB, 90 %
2026/09/29 13:06:21.065, 8233 MiB, 3581 MiB, 35 %
2026/09/29 13:06:21.565, 8233 MiB, 3581 MiB, 89 %
2026/09/29 13:06:22.065, 8233 MiB, 3581 MiB, 100 %
2026/09/29 13:06:22.565, 8233 MiB, 3581 MiB, 100 %
2026/09/29 13:06:23.065, 8233 MiB, 3581 MiB, 1 %
2026/09/29 13:06:23.565, 8233 MiB, 3581 MiB, 1 %
2026/09/29 13:06:24.065, 8233 MiB, 3581 MiB, 6 %
2026/09/29 13:06:24.566, 8233 MiB, 3581 MiB, 4 %
2026/09/29 13:06:25.066, 8233 MiB, 3581 MiB, 7 %
2026/09/29 13:06:25.566, 8233 MiB, 3581 MiB, 5 %
2026/09/29 13:06:26.066, 8233 MiB, 3581 MiB, 6 %
2026/09/29 13:06:26.566, 8233 MiB, 3581 MiB, 5 %
2026/09/29 13:06:27.066, 8233 MiB, 3581 MiB, 7 %
2026/09/29 13:06:27.566, 8233 MiB, 3581 MiB, 6 %
2026/09/29 13:06:28.066, 8233 MiB, 3581 MiB, 6 %
2026/09/29 13:06:28.567, 8233 MiB, 3581 MiB, 6 %
2026/09/29 13:06:29.067, 8233 MiB, 3581 MiB, 5 %
2026/09/29 13:06:29.567, 8233 MiB, 3581 MiB, 5 %
2026/09/29 13:06:30.067, 8233 MiB, 3581 MiB, 6 %
2026/09/29 13:06:30.567, 8233 MiB, 3581 MiB, 6 %
2026/09/29 13:06:31.067, 55 MiB, 11759 MiB, 6 %
2026/09/29 13:06:31.567, 55 MiB, 11759 MiB, 8 %
2026/09/29 13:06:32.068, 55 MiB, 11759 MiB, 6 %
2026/09/29 13:06:32.568, 55 MiB, 11759 MiB, 5 %
2026/09/29 13:06:33.068, 55 MiB, 11759 MiB, 6 %
2026/09/29 13:06:33.568, 55 MiB, 11759 MiB, 6 %
2026/09/29 13:06:34.068, 55 MiB, 11759 MiB, 5 %
2026/09/29 13:06:34.568, 55 MiB, 11759 MiB, 6 %
2026/09/29 13:06:35.068, 55 MiB, 11759 MiB, 6 %
2026/09/29 13:06:35.569, 55 MiB, 11759 MiB, 5 %
2026/09/29 13:06:36.069, 55 MiB, 11759 MiB, 5 %
2026/09/29 13:06:36.569, 55 MiB, 11759 MiB, 5 %
2026/09/29 13:06:37.069, 55 MiB, 11759 MiB, 5 %
2026/09/29 13:06:37.569, 55 MiB, 11759 MiB, 5 %
2026/09/29 13:06:38.069, 55 MiB, 11759 MiB, 5 %
2026/09/29 13:06:38.569, 55 MiB, 11759 MiB, 5 %
2026/09/29 13:06:39.069, 55 MiB, 11759 MiB, 5 %
2026/09/29 13:06:39.570, 55 MiB, 11759 MiB, 5 %
2026/09/29 13:06:40.070, 55 MiB, 11759 MiB, 5 %
2026/09/29 13:06:40.570, 55 MiB, 11759 MiB, 5 %
2026/09/29 13:06:41.070, 55 MiB, 11759 MiB, 6 %
2026/09/29 13:06:41.570, 55 MiB, 11759 MiB, 5 %
2026/09/29 13:06:42.070, 55 MiB, 11759 MiB, 6 %
2026/09/29 13:06:42.570, 55 MiB, 11759 MiB, 5 %
2026/09/29 13:06:43.071, 55 MiB, 11759 MiB, 8 %
2026/09/29 13:06:43.571, 55 MiB, 11759 MiB, 6 %
2026/09/29 13:06:44.071, 55 MiB, 11759 MiB, 6 %
2026/09/29 13:06:44.571, 55 MiB, 11759 MiB, 5 %
2026/09/29 13:06:45.071, 55 MiB, 11759 MiB, 6 %
2026/09/29 13:06:45.571, 55 MiB, 11759 MiB, 5 %
2026/09/29 13:06:46.071, 55 MiB, 11759 MiB, 5 %
2026/09/29 13:06:46.571, 55 MiB, 11759 MiB, 6 %
2026/09/29 13:06:47.072, 55 MiB, 11759 MiB, 5 %
2026/09/29 13:06:47.572, 55 MiB, 11759 MiB, 5 %
2026/09/29 13:06:48.072, 55 MiB, 11759 MiB, 6 %
2026/09/29 13:06:48.572, 55 MiB, 11759 MiB, 5 %
2026/09/29 13:06:49.072, 55 MiB, 11759 MiB, 5 %
2026/09/29 13:06:49.572, 55 MiB, 11759 MiB, 5 %
2026/09/29 13:06:50.073, 55 MiB, 11759 MiB, 5 %
2026/09/29 13:06:50.573, 55 MiB, 11759 MiB, 6 %
2026/09/29 13:06:51.073, 55 MiB, 11759 MiB, 5 %
2026/09/29 13:06:51.573, 55 MiB, 11759 MiB, 5 %
2026/09/29 13:06:52.073, 55 MiB, 11759 MiB, 6 %
2026/09/29 13:06:52.573, 55 MiB, 11759 MiB, 5 %
2026/09/29 13:06:53.073, 55 MiB, 11759 MiB, 6 %
2026/09/29 13:06:53.573, 55 MiB, 11759 MiB, 5 %
2026/09/29 13:06:54.074, 55 MiB, 11759 MiB, 5 %
2026/09/29 13:06:54.574, 55 MiB, 11759 MiB, 5 %
2026/09/29 13:06:55.074, 55 MiB, 11759 MiB, 5 %
2026/09/29 13:06:55.574, 55 MiB, 11759 MiB, 5 %
2026/09/29 13:06:56.074, 55 MiB, 11759 MiB, 5 %
2026/09/29 13:06:56.574, 55 MiB, 11759 MiB, 5 %
2026/09/29 13:06:57.074, 55 MiB, 11759 MiB, 7 %
2026/09/29 13:06:57.574, 55 MiB, 11759 MiB, 5 %
2026/09/29 13:06:58.075, 55 MiB, 11759 MiB, 5 %
2026/09/29 13:06:58.575, 55 MiB, 11759 MiB, 6 %
2026/09/29 13:06:59.075, 55 MiB, 11759 MiB, 6 %
2026/09/29 13:06:59.575, 55 MiB, 11759 MiB, 6 %
2026/09/29 13:07:00.075, 55 MiB, 11759 MiB, 5 %
2026/09/29 13:07:00.575, 55 MiB, 11759 MiB, 5 %
2026/09/29 13:07:01.075, 55 MiB, 11759 MiB, 5 %
2026/09/29 13:07:01.575, 55 MiB, 11759 MiB, 5 %
2026/09/29 13:07:02.076, 55 MiB, 11759 MiB, 5 %
2026/09/29 13:07:02.576, 55 MiB, 11759 MiB, 5 %
2026/09/29 13:07:03.076, 55 MiB, 11759 MiB, 5 %
2026/09/29 13:07:03.576, 55 MiB, 11759 MiB, 6 %
2026/09/29 13:07:04.076, 55 MiB, 11759 MiB, 5 %
2026/09/29 13:07:04.576, 55 MiB, 11759 MiB, 5 %
2026/09/29 13:07:05.076, 55 MiB, 11759 MiB, 5 %
2026/09/29 13:07:05.576, 55 MiB, 11759 MiB, 5 %
2026/09/29 13:07:06.077, 55 MiB, 11759 MiB, 5 %
2026/09/29 13:07:06.577, 55 MiB, 11759 MiB, 5 %
2026/09/29 13:07:07.077, 55 MiB, 11759 MiB, 6 %
2026/09/29 13:07:07.577, 55 MiB, 11759 MiB, 6 %
2026/09/29 13:07:08.077, 55 MiB, 11759 MiB, 6 %
2026/09/29 13:07:08.577, 55 MiB, 11759 MiB, 6 %
2026/09/29 13:07:09.077, 55 MiB, 11759 MiB, 7 %
2026/09/29 13:07:09.578, 55 MiB, 11759 MiB, 6 %
2026/09/29 13:07:10.078, 55 MiB, 11759 MiB, 5 %
2026/09/29 13:07:10.578, 55 MiB, 11759 MiB, 0 %
2026/09/29 13:07:11.078, 55 MiB, 11759 MiB, 5 %
2026/09/29 13:07:11.578, 55 MiB, 11759 MiB, 0 %
2026/09/29 13:07:12.078, 55 MiB, 11759 MiB, 1 %
2026/09/29 13:07:12.578, 55 MiB, 11759 MiB, 6 %
2026/09/29 13:07:13.079, 55 MiB, 11759 MiB, 3 %
2026/09/29 13:07:13.579, 55 MiB, 11759 MiB, 5 %
2026/09/29 13:07:14.079, 55 MiB, 11759 MiB, 5 %
2026/09/29 13:07:14.579, 55 MiB, 11759 MiB, 0 %
2026/09/29 13:07:15.079, 55 MiB, 11759 MiB, 1 %
2026/09/29 13:07:15.579, 55 MiB, 11759 MiB, 6 %
2026/09/29 13:07:16.079, 55 MiB, 11759 MiB, 6 %
2026/09/29 13:07:16.580, 55 MiB, 11759 MiB, 6 %
2026/09/29 13:07:17.080, 55 MiB, 11759 MiB, 6 %
2026/09/29 13:07:17.580, 55 MiB, 11759 MiB, 6 %
2026/09/29 13:07:18.080, 55 MiB, 11759 MiB, 6 %
2026/09/29 13:07:18.580, 55 MiB, 11759 MiB, 6 %
