emma-p30000-h1024	analysis/bonsai2/fresh_state/documents/emma.ids	30000	1024	96
emma-p30000-h12288	analysis/bonsai2/fresh_state/documents/emma.ids	30000	12288	96
emma-p50000-h1024	analysis/bonsai2/fresh_state/documents/emma.ids	50000	1024	96
emma-p50000-h12288	analysis/bonsai2/fresh_state/documents/emma.ids	50000	12288	96
little_women-p30000-h1024	analysis/bonsai2/fresh_state/documents/little_women.ids	30000	1024	96
little_women-p30000-h12288	analysis/bonsai2/fresh_state/documents/little_women.ids	30000	12288	96
little_women-p50000-h1024	analysis/bonsai2/fresh_state/documents/little_women.ids	50000	1024	96
little_women-p50000-h12288	analysis/bonsai2/fresh_state/documents/little_women.ids	50000	12288	96
wuthering_heights-p30000-h1024	analysis/bonsai2/fresh_state/documents/wuthering_heights.ids	30000	1024	96
wuthering_heights-p30000-h12288	analysis/bonsai2/fresh_state/documents/wuthering_heights.ids	30000	12288	96
wuthering_heights-p50000-h1024	analysis/bonsai2/fresh_state/documents/wuthering_heights.ids	50000	1024	96
wuthering_heights-p50000-h12288	analysis/bonsai2/fresh_state/documents/wuthering_heights.ids	50000	12288	96
war_of_the_worlds-p30000-h1024	analysis/bonsai2/fresh_state/documents/war_of_the_worlds.ids	30000	1024	96
war_of_the_worlds-p30000-h12288	analysis/bonsai2/fresh_state/documents/war_of_the_worlds.ids	30000	12288	96
war_of_the_worlds-p50000-h1024	analysis/bonsai2/fresh_state/documents/war_of_the_worlds.ids	50000	1024	96
war_of_the_worlds-p50000-h12288	analysis/bonsai2/fresh_state/documents/war_of_the_worlds.ids	50000	12288	96
monte_cristo-p30000-h1024	analysis/bonsai2/fresh_state/documents/monte_cristo.ids	30000	1024	96
monte_cristo-p30000-h12288	analysis/bonsai2/fresh_state/documents/monte_cristo.ids	30000	12288	96
monte_cristo-p50000-h1024	analysis/bonsai2/fresh_state/documents/monte_cristo.ids	50000	1024	96
monte_cristo-p50000-h12288	analysis/bonsai2/fresh_state/documents/monte_cristo.ids	50000	12288	96
middlemarch-p30000-h1024	analysis/bonsai2/fresh_state/documents/middlemarch.ids	30000	1024	96
middlemarch-p30000-h12288	analysis/bonsai2/fresh_state/documents/middlemarch.ids	30000	12288	96
middlemarch-p50000-h1024	analysis/bonsai2/fresh_state/documents/middlemarch.ids	50000	1024	96
middlemarch-p50000-h12288	analysis/bonsai2/fresh_state/documents/middlemarch.ids	50000	12288	96
