arm,seed,delta,coverage,mean_excess_nll,positive_spans,min_span_excess_nll,max_span_excess_nll
baseline_run1,,,,0.0,0,0.0,0.0
baseline_run2,,,,0.0,0,0.0,0.0
alpha-d050-c1000-s20260929,20260929,0.05,1.0,0.00127464746187822,6,-0.0029433198840953523,0.004426165013365679
alpha-d100-c1000-s20260929,20260929,0.1,1.0,0.0037376811349887906,7,-0.0007065272658430821,0.00680427600707878
alpha-d200-c1000-s20260929,20260929,0.2,1.0,0.006874799111222074,8,0.0012914946463422616,0.012041980739212477
alpha-d200-c1000-s20260930,20260930,0.2,1.0,0.004670339301186044,6,-0.00599618879500774,0.012079194967000717
alpha-d200-c1000-s20260931,20260931,0.2,1.0,0.003851406807290958,7,-0.003849344061353843,0.009480512956780096
beta-d100-c1000-s20260929,20260929,0.1,1.0,-0.0024498889694938297,1,-0.0064836766630871345,0.0008734954806794981
beta-d200-c1000-s20260929,20260929,0.2,1.0,-0.0046294465801766105,2,-0.017817023347174832,0.00691033958386944
beta-d200-c1000-s20260930,20260930,0.2,1.0,-0.00018322783226737416,3,-0.00861179413378288,0.010925460042328083
beta-d200-c1000-s20260931,20260931,0.2,1.0,0.005163999037439582,6,-0.010527862617916384,0.021605297387915723
mlp-d200-c050-s20260929,20260929,0.2,0.05,0.0017608714251532986,5,-0.00440807896659523,0.008936011068314986
mlp-d200-c100-s20260929,20260929,0.2,0.1,0.002358714860196176,4,-0.008055191745485413,0.0189234880299205
mlp-d200-c200-s20260929,20260929,0.2,0.2,0.005659840869565946,6,-0.007939664556643411,0.017608931098572533
mlp-d200-c200-s20260930,20260930,0.2,0.2,0.0025221249392993195,5,-0.010510758439235435,0.01552928509146767
mlp-d200-c200-s20260931,20260931,0.2,0.2,0.007948194652344143,6,-0.010779230395904893,0.02200931289503094
mlp-d300-c050-s20260929,20260929,0.3,0.05,0.0034095683355791495,5,-0.007546886487018067,0.01565607944913383
mlp-d400-c050-s20260929,20260929,0.4,0.05,0.0050015497040676316,5,-0.006968692521277298,0.021349781163593207
mlp-d400-c050-s20260930,20260930,0.4,0.05,-0.0016416431430499312,4,-0.022320067407395783,0.014922348946277086
mlp-d400-c050-s20260931,20260931,0.4,0.05,0.005240985182609181,6,-0.015988225951950152,0.01848955228718019
mlp-d400-c200-s20260929,20260929,0.4,0.2,0.01628613012563168,7,-0.007426926027429559,0.041350409454719905
