block,kind,tensors,elements,bytes,full_precision_elements,full_precision_bytes
0,linear_attention,14,383273184,102851456,542944,1188736
1,linear_attention,14,383273184,102851456,542944,1188736
2,linear_attention,14,383273184,102851456,542944,1188736
3,full_attention,11,372255232,98920448,10752,43008
4,linear_attention,14,383273184,102851456,542944,1188736
5,linear_attention,14,383273184,102851456,542944,1188736
6,linear_attention,14,383273184,102851456,542944,1188736
7,full_attention,11,372255232,98920448,10752,43008
8,linear_attention,14,383273184,102851456,542944,1188736
9,linear_attention,14,383273184,102851456,542944,1188736
10,linear_attention,14,383273184,102851456,542944,1188736
11,full_attention,11,372255232,98920448,10752,43008
12,linear_attention,14,383273184,102851456,542944,1188736
13,linear_attention,14,383273184,102851456,542944,1188736
14,linear_attention,14,383273184,102851456,542944,1188736
15,full_attention,11,372255232,98920448,10752,43008
16,linear_attention,14,383273184,102851456,542944,1188736
17,linear_attention,14,383273184,102851456,542944,1188736
18,linear_attention,14,383273184,102851456,542944,1188736
19,full_attention,11,372255232,98920448,10752,43008
20,linear_attention,14,383273184,102851456,542944,1188736
21,linear_attention,14,383273184,102851456,542944,1188736
22,linear_attention,14,383273184,102851456,542944,1188736
23,full_attention,11,372255232,98920448,10752,43008
24,linear_attention,14,383273184,102851456,542944,1188736
25,linear_attention,14,383273184,102851456,542944,1188736
26,linear_attention,14,383273184,102851456,542944,1188736
27,full_attention,11,372255232,98920448,10752,43008
28,linear_attention,14,383273184,102851456,542944,1188736
29,linear_attention,14,383273184,102851456,542944,1188736
30,linear_attention,14,383273184,102851456,542944,1188736
31,full_attention,11,372255232,98920448,10752,43008
32,linear_attention,14,383273184,102851456,542944,1188736
33,linear_attention,14,383273184,102851456,542944,1188736
34,linear_attention,14,383273184,102851456,542944,1188736
35,full_attention,11,372255232,98920448,10752,43008
36,linear_attention,14,383273184,102851456,542944,1188736
37,linear_attention,14,383273184,102851456,542944,1188736
38,linear_attention,14,383273184,102851456,542944,1188736
39,full_attention,11,372255232,98920448,10752,43008
40,linear_attention,14,383273184,102851456,542944,1188736
41,linear_attention,14,383273184,102851456,542944,1188736
42,linear_attention,14,383273184,102851456,542944,1188736
43,full_attention,11,372255232,98920448,10752,43008
44,linear_attention,14,383273184,102851456,542944,1188736
45,linear_attention,14,383273184,102851456,542944,1188736
46,linear_attention,14,383273184,102851456,542944,1188736
47,full_attention,11,372255232,98920448,10752,43008
48,linear_attention,14,383273184,102851456,542944,1188736
49,linear_attention,14,383273184,102851456,542944,1188736
50,linear_attention,14,383273184,102851456,542944,1188736
51,full_attention,11,372255232,98920448,10752,43008
52,linear_attention,14,383273184,102851456,542944,1188736
53,linear_attention,14,383273184,102851456,542944,1188736
54,linear_attention,14,383273184,102851456,542944,1188736
55,full_attention,11,372255232,98920448,10752,43008
56,linear_attention,14,383273184,102851456,542944,1188736
57,linear_attention,14,383273184,102851456,542944,1188736
58,linear_attention,14,383273184,102851456,542944,1188736
59,full_attention,11,372255232,98920448,10752,43008
60,linear_attention,14,383273184,102851456,542944,1188736
61,linear_attention,14,383273184,102851456,542944,1188736
62,linear_attention,14,383273184,102851456,542944,1188736
63,full_attention,11,372255232,98920448,10752,43008
