tensor,block,block_kind,region,sampled_groups,groups_with_42_zeros,zero_fraction,mean_abs_scale,invalid_codes
output.weight,,lm_head,lm_head,32,32,0.328125,0.014127373695373535,0
token_embd.weight,,embedding,embedding,32,32,0.328125,0.013683795928955078,0
blk.0.attn_gate.weight,0,linear_attention,attention_projection,32,32,0.328125,0.017714738845825195,0
blk.0.attn_qkv.weight,0,linear_attention,attention_projection,32,32,0.328125,0.016878128051757812,0
blk.0.ffn_down.weight,0,linear_attention,mlp,32,29,0.326904296875,0.011606693267822266,0
blk.0.ffn_gate.weight,0,linear_attention,mlp,32,32,0.328125,0.010894536972045898,0
blk.0.ffn_up.weight,0,linear_attention,mlp,32,31,0.327880859375,0.010687828063964844,0
blk.0.ssm_out.weight,0,linear_attention,recurrent_state,32,31,0.32666015625,0.015961647033691406,0
blk.1.attn_gate.weight,1,linear_attention,attention_projection,32,31,0.327880859375,0.016759395599365234,0
blk.1.attn_qkv.weight,1,linear_attention,attention_projection,32,32,0.328125,0.017004013061523438,0
blk.1.ffn_down.weight,1,linear_attention,mlp,32,31,0.327880859375,0.01184225082397461,0
blk.1.ffn_gate.weight,1,linear_attention,mlp,32,32,0.328125,0.011673212051391602,0
blk.1.ffn_up.weight,1,linear_attention,mlp,32,32,0.328125,0.011615514755249023,0
blk.1.ssm_out.weight,1,linear_attention,recurrent_state,32,32,0.328125,0.01695871353149414,0
blk.2.attn_gate.weight,2,linear_attention,attention_projection,32,30,0.327392578125,0.017017841339111328,0
blk.2.attn_qkv.weight,2,linear_attention,attention_projection,32,32,0.328125,0.017368793487548828,0
blk.2.ffn_down.weight,2,linear_attention,mlp,32,31,0.327880859375,0.012294530868530273,0
blk.2.ffn_gate.weight,2,linear_attention,mlp,32,30,0.3271484375,0.01213693618774414,0
blk.2.ffn_up.weight,2,linear_attention,mlp,32,31,0.327880859375,0.012046337127685547,0
blk.2.ssm_out.weight,2,linear_attention,recurrent_state,32,32,0.328125,0.017473697662353516,0
blk.3.attn_k.weight,3,full_attention,attention_projection,32,32,0.328125,0.016972780227661133,0
blk.3.attn_output.weight,3,full_attention,attention_projection,32,30,0.327392578125,0.016304731369018555,0
blk.3.attn_q.weight,3,full_attention,attention_projection,32,31,0.327880859375,0.01825118064880371,0
blk.3.attn_v.weight,3,full_attention,attention_projection,32,32,0.328125,0.018445730209350586,0
blk.3.ffn_down.weight,3,full_attention,mlp,32,31,0.327880859375,0.011950016021728516,0
blk.3.ffn_gate.weight,3,full_attention,mlp,32,31,0.327880859375,0.012053728103637695,0
blk.3.ffn_up.weight,3,full_attention,mlp,32,29,0.3271484375,0.012293100357055664,0
blk.4.attn_gate.weight,4,linear_attention,attention_projection,32,32,0.328125,0.01721668243408203,0
blk.4.attn_qkv.weight,4,linear_attention,attention_projection,32,32,0.328125,0.017565011978149414,0
blk.4.ffn_down.weight,4,linear_attention,mlp,32,30,0.327392578125,0.012395858764648438,0
blk.4.ffn_gate.weight,4,linear_attention,mlp,32,29,0.326904296875,0.012040376663208008,0
blk.4.ffn_up.weight,4,linear_attention,mlp,32,32,0.328125,0.012143611907958984,0
blk.4.ssm_out.weight,4,linear_attention,recurrent_state,32,32,0.328125,0.01763319969177246,0
blk.5.attn_gate.weight,5,linear_attention,attention_projection,32,31,0.327880859375,0.017871379852294922,0
blk.5.attn_qkv.weight,5,linear_attention,attention_projection,32,32,0.328125,0.017003774642944336,0
blk.5.ffn_down.weight,5,linear_attention,mlp,32,32,0.328125,0.012130260467529297,0
blk.5.ffn_gate.weight,5,linear_attention,mlp,32,32,0.328125,0.012232780456542969,0
blk.5.ffn_up.weight,5,linear_attention,mlp,32,31,0.327880859375,0.011795520782470703,0
blk.5.ssm_out.weight,5,linear_attention,recurrent_state,32,31,0.327880859375,0.01717662811279297,0
blk.6.attn_gate.weight,6,linear_attention,attention_projection,32,32,0.328125,0.017329931259155273,0
blk.6.attn_qkv.weight,6,linear_attention,attention_projection,32,32,0.328125,0.017140865325927734,0
blk.6.ffn_down.weight,6,linear_attention,mlp,32,30,0.32763671875,0.01171875,0
blk.6.ffn_gate.weight,6,linear_attention,mlp,32,31,0.327880859375,0.012096881866455078,0
blk.6.ffn_up.weight,6,linear_attention,mlp,32,30,0.32763671875,0.011914730072021484,0
blk.6.ssm_out.weight,6,linear_attention,recurrent_state,32,32,0.328125,0.017014503479003906,0
blk.7.attn_k.weight,7,full_attention,attention_projection,32,30,0.32763671875,0.016695261001586914,0
blk.7.attn_output.weight,7,full_attention,attention_projection,32,32,0.328125,0.016257762908935547,0
blk.7.attn_q.weight,7,full_attention,attention_projection,32,31,0.327880859375,0.017398834228515625,0
blk.7.attn_v.weight,7,full_attention,attention_projection,32,31,0.327880859375,0.01710653305053711,0
blk.7.ffn_down.weight,7,full_attention,mlp,32,30,0.327392578125,0.011987686157226562,0
blk.7.ffn_gate.weight,7,full_attention,mlp,32,31,0.327880859375,0.012296199798583984,0
blk.7.ffn_up.weight,7,full_attention,mlp,32,32,0.328125,0.011715173721313477,0
blk.8.attn_gate.weight,8,linear_attention,attention_projection,32,30,0.3271484375,0.017820119857788086,0
blk.8.attn_qkv.weight,8,linear_attention,attention_projection,32,32,0.328125,0.017060279846191406,0
blk.8.ffn_down.weight,8,linear_attention,mlp,32,32,0.328125,0.012055397033691406,0
blk.8.ffn_gate.weight,8,linear_attention,mlp,32,31,0.327880859375,0.01248788833618164,0
blk.8.ffn_up.weight,8,linear_attention,mlp,32,31,0.327880859375,0.012101411819458008,0
blk.8.ssm_out.weight,8,linear_attention,recurrent_state,32,32,0.328125,0.01724386215209961,0
blk.9.attn_gate.weight,9,linear_attention,attention_projection,32,31,0.327392578125,0.01736307144165039,0
blk.9.attn_qkv.weight,9,linear_attention,attention_projection,32,32,0.328125,0.017389774322509766,0
blk.9.ffn_down.weight,9,linear_attention,mlp,32,32,0.328125,0.011811256408691406,0
blk.9.ffn_gate.weight,9,linear_attention,mlp,32,32,0.328125,0.012409210205078125,0
blk.9.ffn_up.weight,9,linear_attention,mlp,32,32,0.328125,0.011922121047973633,0
blk.9.ssm_out.weight,9,linear_attention,recurrent_state,32,31,0.327880859375,0.017089128494262695,0
blk.10.attn_gate.weight,10,linear_attention,attention_projection,32,32,0.328125,0.01671910285949707,0
blk.10.attn_qkv.weight,10,linear_attention,attention_projection,32,31,0.327880859375,0.017066001892089844,0
blk.10.ffn_down.weight,10,linear_attention,mlp,32,32,0.328125,0.011722564697265625,0
blk.10.ffn_gate.weight,10,linear_attention,mlp,32,32,0.328125,0.012114524841308594,0
blk.10.ffn_up.weight,10,linear_attention,mlp,32,30,0.327392578125,0.011783838272094727,0
blk.10.ssm_out.weight,10,linear_attention,recurrent_state,32,32,0.328125,0.01719832420349121,0
blk.11.attn_k.weight,11,full_attention,attention_projection,32,32,0.328125,0.016680002212524414,0
blk.11.attn_output.weight,11,full_attention,attention_projection,32,31,0.32666015625,0.01652050018310547,0
blk.11.attn_q.weight,11,full_attention,attention_projection,32,30,0.326904296875,0.01735520362854004,0
blk.11.attn_v.weight,11,full_attention,attention_projection,32,32,0.328125,0.017841577529907227,0
blk.11.ffn_down.weight,11,full_attention,mlp,32,30,0.325927734375,0.011917591094970703,0
blk.11.ffn_gate.weight,11,full_attention,mlp,32,30,0.326904296875,0.012346267700195312,0
blk.11.ffn_up.weight,11,full_attention,mlp,32,31,0.327880859375,0.012179851531982422,0
blk.12.attn_gate.weight,12,linear_attention,attention_projection,32,31,0.32763671875,0.017189979553222656,0
blk.12.attn_qkv.weight,12,linear_attention,attention_projection,32,31,0.327880859375,0.017690181732177734,0
blk.12.ffn_down.weight,12,linear_attention,mlp,32,32,0.328125,0.011995315551757812,0
blk.12.ffn_gate.weight,12,linear_attention,mlp,32,30,0.3271484375,0.012329816818237305,0
blk.12.ffn_up.weight,12,linear_attention,mlp,32,31,0.327392578125,0.011749744415283203,0
blk.12.ssm_out.weight,12,linear_attention,recurrent_state,32,31,0.32763671875,0.01752328872680664,0
blk.13.attn_gate.weight,13,linear_attention,attention_projection,32,32,0.328125,0.017363309860229492,0
blk.13.attn_qkv.weight,13,linear_attention,attention_projection,32,32,0.328125,0.01735711097717285,0
blk.13.ffn_down.weight,13,linear_attention,mlp,32,32,0.328125,0.012024164199829102,0
blk.13.ffn_gate.weight,13,linear_attention,mlp,32,32,0.328125,0.011605262756347656,0
blk.13.ffn_up.weight,13,linear_attention,mlp,32,31,0.327880859375,0.0115203857421875,0
blk.13.ssm_out.weight,13,linear_attention,recurrent_state,32,32,0.328125,0.017416715621948242,0
blk.14.attn_gate.weight,14,linear_attention,attention_projection,32,32,0.328125,0.017383098602294922,0
blk.14.attn_qkv.weight,14,linear_attention,attention_projection,32,32,0.328125,0.01725422777235508,0
blk.14.ffn_down.weight,14,linear_attention,mlp,32,32,0.328125,0.011711359024047852,0
blk.14.ffn_gate.weight,14,linear_attention,mlp,32,32,0.328125,0.011760234832763672,0
blk.14.ffn_up.weight,14,linear_attention,mlp,32,31,0.3271484375,0.011690139770507812,0
blk.14.ssm_out.weight,14,linear_attention,recurrent_state,32,32,0.328125,0.017679929733276367,0
blk.15.attn_k.weight,15,full_attention,attention_projection,32,32,0.328125,0.01743626594543457,0
blk.15.attn_output.weight,15,full_attention,attention_projection,32,31,0.32763671875,0.016860246658325195,0
blk.15.attn_q.weight,15,full_attention,attention_projection,32,32,0.328125,0.01748204231262207,0
blk.15.attn_v.weight,15,full_attention,attention_projection,32,31,0.327880859375,0.018131256103515625,0
blk.15.ffn_down.weight,15,full_attention,mlp,32,31,0.327880859375,0.012104988098144531,0
blk.15.ffn_gate.weight,15,full_attention,mlp,32,32,0.328125,0.011954784393310547,0
blk.15.ffn_up.weight,15,full_attention,mlp,32,32,0.328125,0.01185750961303711,0
blk.16.attn_gate.weight,16,linear_attention,attention_projection,32,32,0.328125,0.017010927200317383,0
blk.16.attn_qkv.weight,16,linear_attention,attention_projection,32,32,0.328125,0.017117062583565712,0
blk.16.ffn_down.weight,16,linear_attention,mlp,32,31,0.32763671875,0.011916160583496094,0
blk.16.ffn_gate.weight,16,linear_attention,mlp,32,31,0.327392578125,0.012261390686035156,0
blk.16.ffn_up.weight,16,linear_attention,mlp,32,30,0.327392578125,0.012157917022705078,0
blk.16.ssm_out.weight,16,linear_attention,recurrent_state,32,31,0.327880859375,0.01708078384399414,0
blk.17.attn_gate.weight,17,linear_attention,attention_projection,32,31,0.326171875,0.016130924224853516,0
blk.17.attn_qkv.weight,17,linear_attention,attention_projection,32,32,0.328125,0.01801609992980957,0
blk.17.ffn_down.weight,17,linear_attention,mlp,32,31,0.327880859375,0.012081623077392578,0
blk.17.ffn_gate.weight,17,linear_attention,mlp,32,30,0.32763671875,0.011881351470947266,0
blk.17.ffn_up.weight,17,linear_attention,mlp,32,31,0.327880859375,0.012078046798706055,0
blk.17.ssm_out.weight,17,linear_attention,recurrent_state,32,31,0.327392578125,0.016945838928222656,0
blk.18.attn_gate.weight,18,linear_attention,attention_projection,32,32,0.328125,0.01653742790222168,0
blk.18.attn_qkv.weight,18,linear_attention,attention_projection,32,32,0.328125,0.017253637313842773,0
blk.18.ffn_down.weight,18,linear_attention,mlp,32,32,0.328125,0.012228965759277344,0
blk.18.ffn_gate.weight,18,linear_attention,mlp,32,30,0.32763671875,0.012242555618286133,0
blk.18.ffn_up.weight,18,linear_attention,mlp,32,31,0.327880859375,0.01196146011352539,0
blk.18.ssm_out.weight,18,linear_attention,recurrent_state,32,31,0.32763671875,0.01694941520690918,0
blk.19.attn_k.weight,19,full_attention,attention_projection,32,31,0.32763671875,0.016292095184326172,0
blk.19.attn_output.weight,19,full_attention,attention_projection,32,32,0.328125,0.017237424850463867,0
blk.19.attn_q.weight,19,full_attention,attention_projection,32,31,0.327880859375,0.01701831817626953,0
blk.19.attn_v.weight,19,full_attention,attention_projection,32,32,0.328125,0.01792120933532715,0
blk.19.ffn_down.weight,19,full_attention,mlp,32,31,0.327880859375,0.012435197830200195,0
blk.19.ffn_gate.weight,19,full_attention,mlp,32,32,0.328125,0.012299060821533203,0
blk.19.ffn_up.weight,19,full_attention,mlp,32,31,0.327880859375,0.011780261993408203,0
blk.20.attn_gate.weight,20,linear_attention,attention_projection,32,32,0.328125,0.01701188087463379,0
blk.20.attn_qkv.weight,20,linear_attention,attention_projection,32,32,0.328125,0.017398357391357422,0
blk.20.ffn_down.weight,20,linear_attention,mlp,32,31,0.327880859375,0.012003898620605469,0
blk.20.ffn_gate.weight,20,linear_attention,mlp,32,31,0.327880859375,0.012107133865356445,0
blk.20.ffn_up.weight,20,linear_attention,mlp,32,32,0.328125,0.011678934097290039,0
blk.20.ssm_out.weight,20,linear_attention,recurrent_state,32,32,0.328125,0.017129898071289062,0
blk.21.attn_gate.weight,21,linear_attention,attention_projection,32,32,0.328125,0.017529010772705078,0
blk.21.attn_qkv.weight,21,linear_attention,attention_projection,32,31,0.327880859375,0.017655611038208008,0
blk.21.ffn_down.weight,21,linear_attention,mlp,32,31,0.327880859375,0.012240171432495117,0
blk.21.ffn_gate.weight,21,linear_attention,mlp,32,32,0.328125,0.012048006057739258,0
blk.21.ffn_up.weight,21,linear_attention,mlp,32,32,0.328125,0.011664390563964844,0
blk.21.ssm_out.weight,21,linear_attention,recurrent_state,32,31,0.327880859375,0.016605138778686523,0
blk.22.attn_gate.weight,22,linear_attention,attention_projection,32,32,0.328125,0.01729559898376465,0
blk.22.attn_qkv.weight,22,linear_attention,attention_projection,32,32,0.328125,0.01715874671936035,0
blk.22.ffn_down.weight,22,linear_attention,mlp,32,32,0.328125,0.011823892593383789,0
blk.22.ffn_gate.weight,22,linear_attention,mlp,32,31,0.327880859375,0.012561798095703125,0
blk.22.ffn_up.weight,22,linear_attention,mlp,32,29,0.32666015625,0.012236356735229492,0
blk.22.ssm_out.weight,22,linear_attention,recurrent_state,32,31,0.327880859375,0.017537593841552734,0
blk.23.attn_k.weight,23,full_attention,attention_projection,32,30,0.327392578125,0.01638650894165039,0
blk.23.attn_output.weight,23,full_attention,attention_projection,32,32,0.328125,0.017235517501831055,0
blk.23.attn_q.weight,23,full_attention,attention_projection,32,31,0.327392578125,0.01708054542541504,0
blk.23.attn_v.weight,23,full_attention,attention_projection,32,31,0.32666015625,0.01853775978088379,0
blk.23.ffn_down.weight,23,full_attention,mlp,32,32,0.328125,0.012314319610595703,0
blk.23.ffn_gate.weight,23,full_attention,mlp,32,32,0.328125,0.012858390808105469,0
blk.23.ffn_up.weight,23,full_attention,mlp,32,30,0.32763671875,0.012119531631469727,0
blk.24.attn_gate.weight,24,linear_attention,attention_projection,32,32,0.328125,0.01686573028564453,0
blk.24.attn_qkv.weight,24,linear_attention,attention_projection,32,32,0.328125,0.01704692840576172,0
blk.24.ffn_down.weight,24,linear_attention,mlp,32,32,0.328125,0.01247549057006836,0
blk.24.ffn_gate.weight,24,linear_attention,mlp,32,31,0.327880859375,0.012828350067138672,0
blk.24.ffn_up.weight,24,linear_attention,mlp,32,31,0.327880859375,0.012212991714477539,0
blk.24.ssm_out.weight,24,linear_attention,recurrent_state,32,31,0.3271484375,0.01709580421447754,0
blk.25.attn_gate.weight,25,linear_attention,attention_projection,32,32,0.328125,0.0162961483001709,0
blk.25.attn_qkv.weight,25,linear_attention,attention_projection,32,32,0.328125,0.01752758026123047,0
blk.25.ffn_down.weight,25,linear_attention,mlp,32,31,0.327880859375,0.012509822845458984,0
blk.25.ffn_gate.weight,25,linear_attention,mlp,32,30,0.32763671875,0.012771129608154297,0
blk.25.ffn_up.weight,25,linear_attention,mlp,32,30,0.327392578125,0.01283121109008789,0
blk.25.ssm_out.weight,25,linear_attention,recurrent_state,32,31,0.3271484375,0.017280101776123047,0
blk.26.attn_gate.weight,26,linear_attention,attention_projection,32,31,0.32763671875,0.015604257583618164,0
blk.26.attn_qkv.weight,26,linear_attention,attention_projection,32,31,0.327880859375,0.017313480377197266,0
blk.26.ffn_down.weight,26,linear_attention,mlp,32,32,0.328125,0.012573480606079102,0
blk.26.ffn_gate.weight,26,linear_attention,mlp,32,32,0.328125,0.012278079986572266,0
blk.26.ffn_up.weight,26,linear_attention,mlp,32,32,0.328125,0.012759208679199219,0
blk.26.ssm_out.weight,26,linear_attention,recurrent_state,32,31,0.32763671875,0.017146587371826172,0
blk.27.attn_k.weight,27,full_attention,attention_projection,32,32,0.328125,0.01626455783843994,0
blk.27.attn_output.weight,27,full_attention,attention_projection,32,31,0.326904296875,0.016698122024536133,0
blk.27.attn_q.weight,27,full_attention,attention_projection,32,32,0.328125,0.016969680786132812,0
blk.27.attn_v.weight,27,full_attention,attention_projection,32,31,0.326416015625,0.01766037940979004,0
blk.27.ffn_down.weight,27,full_attention,mlp,32,31,0.32763671875,0.012731790542602539,0
blk.27.ffn_gate.weight,27,full_attention,mlp,32,32,0.328125,0.012209892272949219,0
blk.27.ffn_up.weight,27,full_attention,mlp,32,32,0.328125,0.012552499771118164,0
blk.28.attn_gate.weight,28,linear_attention,attention_projection,32,31,0.327880859375,0.015428543090820312,0
blk.28.attn_qkv.weight,28,linear_attention,attention_projection,32,32,0.328125,0.01753854751586914,0
blk.28.ffn_down.weight,28,linear_attention,mlp,32,30,0.32666015625,0.012799263000488281,0
blk.28.ffn_gate.weight,28,linear_attention,mlp,32,31,0.327880859375,0.012133359909057617,0
blk.28.ffn_up.weight,28,linear_attention,mlp,32,32,0.328125,0.012817859649658203,0
blk.28.ssm_out.weight,28,linear_attention,recurrent_state,32,28,0.32666015625,0.01794719696044922,0
blk.29.attn_gate.weight,29,linear_attention,attention_projection,32,32,0.328125,0.015448570251464844,0
blk.29.attn_qkv.weight,29,linear_attention,attention_projection,32,32,0.328125,0.0170440673828125,0
blk.29.ffn_down.weight,29,linear_attention,mlp,32,31,0.32763671875,0.01285243034362793,0
blk.29.ffn_gate.weight,29,linear_attention,mlp,32,29,0.325927734375,0.01195216178894043,0
blk.29.ffn_up.weight,29,linear_attention,mlp,32,30,0.327392578125,0.012389659881591797,0
blk.29.ssm_out.weight,29,linear_attention,recurrent_state,32,31,0.326904296875,0.01731562614440918,0
blk.30.attn_gate.weight,30,linear_attention,attention_projection,32,31,0.3271484375,0.01570606231689453,0
blk.30.attn_qkv.weight,30,linear_attention,attention_projection,32,32,0.328125,0.017563581466674805,0
blk.30.ffn_down.weight,30,linear_attention,mlp,32,32,0.328125,0.012577056884765625,0
blk.30.ffn_gate.weight,30,linear_attention,mlp,32,31,0.327880859375,0.01183462142944336,0
blk.30.ffn_up.weight,30,linear_attention,mlp,32,31,0.327880859375,0.012556076049804688,0
blk.30.ssm_out.weight,30,linear_attention,recurrent_state,32,27,0.324462890625,0.017993927001953125,0
blk.31.attn_k.weight,31,full_attention,attention_projection,32,31,0.3271484375,0.016649484634399414,0
blk.31.attn_output.weight,31,full_attention,attention_projection,32,30,0.324462890625,0.017311811447143555,0
blk.31.attn_q.weight,31,full_attention,attention_projection,32,29,0.32666015625,0.016180038452148438,0
blk.31.attn_v.weight,31,full_attention,attention_projection,32,31,0.32763671875,0.01915884017944336,0
blk.31.ffn_down.weight,31,full_attention,mlp,32,27,0.324951171875,0.012573957443237305,0
blk.31.ffn_gate.weight,31,full_attention,mlp,32,29,0.326904296875,0.011494636535644531,0
blk.31.ffn_up.weight,31,full_attention,mlp,32,32,0.328125,0.01253199577331543,0
blk.32.attn_gate.weight,32,linear_attention,attention_projection,32,31,0.327880859375,0.015137672424316406,0
blk.32.attn_qkv.weight,32,linear_attention,attention_projection,32,30,0.32666015625,0.018018484115600586,0
blk.32.ffn_down.weight,32,linear_attention,mlp,32,29,0.3271484375,0.012753963470458984,0
blk.32.ffn_gate.weight,32,linear_attention,mlp,32,28,0.324951171875,0.011582374572753906,0
blk.32.ffn_up.weight,32,linear_attention,mlp,32,31,0.32666015625,0.012598037719726562,0
blk.32.ssm_out.weight,32,linear_attention,recurrent_state,32,31,0.325927734375,0.017340898513793945,0
blk.33.attn_gate.weight,33,linear_attention,attention_projection,32,31,0.327880859375,0.014340639114379883,0
blk.33.attn_qkv.weight,33,linear_attention,attention_projection,32,30,0.326416015625,0.018084287643432617,0
blk.33.ffn_down.weight,33,linear_attention,mlp,32,31,0.327880859375,0.012503862380981445,0
blk.33.ffn_gate.weight,33,linear_attention,mlp,32,32,0.328125,0.01178288459777832,0
blk.33.ffn_up.weight,33,linear_attention,mlp,32,30,0.326904296875,0.012986183166503906,0
blk.33.ssm_out.weight,33,linear_attention,recurrent_state,32,31,0.326904296875,0.017232894897460938,0
blk.34.attn_gate.weight,34,linear_attention,attention_projection,32,32,0.328125,0.014676332473754883,0
blk.34.attn_qkv.weight,34,linear_attention,attention_projection,32,32,0.328125,0.017337560653686523,0
blk.34.ffn_down.weight,34,linear_attention,mlp,32,31,0.327392578125,0.012514352798461914,0
blk.34.ffn_gate.weight,34,linear_attention,mlp,32,30,0.325439453125,0.011596918106079102,0
blk.34.ffn_up.weight,34,linear_attention,mlp,32,32,0.328125,0.012837886810302734,0
blk.34.ssm_out.weight,34,linear_attention,recurrent_state,32,30,0.32666015625,0.016554832458496094,0
blk.35.attn_k.weight,35,full_attention,attention_projection,32,31,0.324462890625,0.016587257385253906,0
blk.35.attn_output.weight,35,full_attention,attention_projection,32,32,0.328125,0.01807236671447754,0
blk.35.attn_q.weight,35,full_attention,attention_projection,32,30,0.327392578125,0.015957355499267578,0
blk.35.attn_v.weight,35,full_attention,attention_projection,32,32,0.328125,0.019361257553100586,0
blk.35.ffn_down.weight,35,full_attention,mlp,32,31,0.327880859375,0.012809991836547852,0
blk.35.ffn_gate.weight,35,full_attention,mlp,32,29,0.325439453125,0.011625289916992188,0
blk.35.ffn_up.weight,35,full_attention,mlp,32,31,0.327880859375,0.012979507446289062,0
blk.36.attn_gate.weight,36,linear_attention,attention_projection,32,30,0.32666015625,0.016208887100219727,0
blk.36.attn_qkv.weight,36,linear_attention,attention_projection,32,31,0.327880859375,0.017005205154418945,0
blk.36.ffn_down.weight,36,linear_attention,mlp,32,31,0.32763671875,0.012414216995239258,0
blk.36.ffn_gate.weight,36,linear_attention,mlp,32,32,0.328125,0.012059211730957031,0
blk.36.ffn_up.weight,36,linear_attention,mlp,32,31,0.327880859375,0.012390613555908203,0
blk.36.ssm_out.weight,36,linear_attention,recurrent_state,32,30,0.32666015625,0.017561912536621094,0
blk.37.attn_gate.weight,37,linear_attention,attention_projection,32,29,0.3271484375,0.016633987426757812,0
blk.37.attn_qkv.weight,37,linear_attention,attention_projection,32,32,0.328125,0.017108678817749023,0
blk.37.ffn_down.weight,37,linear_attention,mlp,32,31,0.327880859375,0.012698888778686523,0
blk.37.ffn_gate.weight,37,linear_attention,mlp,32,31,0.3271484375,0.011805057525634766,0
blk.37.ffn_up.weight,37,linear_attention,mlp,32,31,0.327880859375,0.012264013290405273,0
blk.37.ssm_out.weight,37,linear_attention,recurrent_state,32,32,0.328125,0.016559839248657227,0
blk.38.attn_gate.weight,38,linear_attention,attention_projection,32,30,0.32666015625,0.017038583755493164,0
blk.38.attn_qkv.weight,38,linear_attention,attention_projection,32,32,0.328125,0.017200231552124023,0
blk.38.ffn_down.weight,38,linear_attention,mlp,32,30,0.32763671875,0.012260198593139648,0
blk.38.ffn_gate.weight,38,linear_attention,mlp,32,29,0.32568359375,0.012787580490112305,0
blk.38.ffn_up.weight,38,linear_attention,mlp,32,31,0.327880859375,0.01225733757019043,0
blk.38.ssm_out.weight,38,linear_attention,recurrent_state,32,31,0.327880859375,0.016788005828857422,0
blk.39.attn_k.weight,39,full_attention,attention_projection,32,32,0.328125,0.015486955642700195,0
blk.39.attn_output.weight,39,full_attention,attention_projection,32,31,0.32763671875,0.016529321670532227,0
blk.39.attn_q.weight,39,full_attention,attention_projection,32,30,0.326904296875,0.016762256622314453,0
blk.39.attn_v.weight,39,full_attention,attention_projection,32,32,0.328125,0.018887758255004883,0
blk.39.ffn_down.weight,39,full_attention,mlp,32,32,0.328125,0.012258529663085938,0
blk.39.ffn_gate.weight,39,full_attention,mlp,32,31,0.327392578125,0.012431859970092773,0
blk.39.ffn_up.weight,39,full_attention,mlp,32,30,0.327392578125,0.012467622756958008,0
blk.40.attn_gate.weight,40,linear_attention,attention_projection,32,32,0.328125,0.01627492904663086,0
blk.40.attn_qkv.weight,40,linear_attention,attention_projection,32,31,0.327880859375,0.017015695571899414,0
blk.40.ffn_down.weight,40,linear_attention,mlp,32,31,0.327392578125,0.012259960174560547,0
blk.40.ffn_gate.weight,40,linear_attention,mlp,32,30,0.327392578125,0.01268768310546875,0
blk.40.ffn_up.weight,40,linear_attention,mlp,32,30,0.3271484375,0.012177467346191406,0
blk.40.ssm_out.weight,40,linear_attention,recurrent_state,32,32,0.328125,0.016643762588500977,0
blk.41.attn_gate.weight,41,linear_attention,attention_projection,32,32,0.328125,0.016384601593017578,0
blk.41.attn_qkv.weight,41,linear_attention,attention_projection,32,31,0.327880859375,0.017124414443969727,0
blk.41.ffn_down.weight,41,linear_attention,mlp,32,31,0.327880859375,0.01228022575378418,0
blk.41.ffn_gate.weight,41,linear_attention,mlp,32,32,0.328125,0.012381553649902344,0
blk.41.ffn_up.weight,41,linear_attention,mlp,32,32,0.328125,0.012701034545898438,0
blk.41.ssm_out.weight,41,linear_attention,recurrent_state,32,32,0.328125,0.016726970672607422,0
blk.42.attn_gate.weight,42,linear_attention,attention_projection,32,32,0.328125,0.015792131423950195,0
blk.42.attn_qkv.weight,42,linear_attention,attention_projection,32,31,0.326904296875,0.016945838928222656,0
blk.42.ffn_down.weight,42,linear_attention,mlp,32,31,0.327880859375,0.012481451034545898,0
blk.42.ffn_gate.weight,42,linear_attention,mlp,32,32,0.328125,0.012098312377929688,0
blk.42.ffn_up.weight,42,linear_attention,mlp,32,31,0.326416015625,0.012423276901245117,0
blk.42.ssm_out.weight,42,linear_attention,recurrent_state,32,30,0.323974609375,0.017348527908325195,0
blk.43.attn_k.weight,43,full_attention,attention_projection,32,31,0.326904296875,0.014943838119506836,0
blk.43.attn_output.weight,43,full_attention,attention_projection,32,31,0.327392578125,0.01727294921875,0
blk.43.attn_q.weight,43,full_attention,attention_projection,32,30,0.324462890625,0.015970945358276367,0
blk.43.attn_v.weight,43,full_attention,attention_projection,32,32,0.328125,0.019440412521362305,0
blk.43.ffn_down.weight,43,full_attention,mlp,32,30,0.32763671875,0.012665510177612305,0
blk.43.ffn_gate.weight,43,full_attention,mlp,32,32,0.328125,0.012010574340820312,0
blk.43.ffn_up.weight,43,full_attention,mlp,32,31,0.327392578125,0.012949228286743164,0
blk.44.attn_gate.weight,44,linear_attention,attention_projection,32,32,0.328125,0.014895081520080566,0
blk.44.attn_qkv.weight,44,linear_attention,attention_projection,32,32,0.328125,0.017079591751098633,0
blk.44.ffn_down.weight,44,linear_attention,mlp,32,30,0.324951171875,0.013088703155517578,0
blk.44.ffn_gate.weight,44,linear_attention,mlp,32,31,0.326171875,0.011721372604370117,0
blk.44.ffn_up.weight,44,linear_attention,mlp,32,32,0.328125,0.01305699348449707,0
blk.44.ssm_out.weight,44,linear_attention,recurrent_state,32,30,0.326416015625,0.016897201538085938,0
blk.45.attn_gate.weight,45,linear_attention,attention_projection,32,30,0.325927734375,0.015554666519165039,0
blk.45.attn_qkv.weight,45,linear_attention,attention_projection,32,31,0.326416015625,0.01727461814880371,0
blk.45.ffn_down.weight,45,linear_attention,mlp,32,31,0.327880859375,0.012640237808227539,0
blk.45.ffn_gate.weight,45,linear_attention,mlp,32,32,0.328125,0.011446952819824219,0
blk.45.ffn_up.weight,45,linear_attention,mlp,32,31,0.326416015625,0.012525796890258789,0
blk.45.ssm_out.weight,45,linear_attention,recurrent_state,32,31,0.326904296875,0.017408370971679688,0
blk.46.attn_gate.weight,46,linear_attention,attention_projection,32,29,0.326171875,0.016336917877197266,0
blk.46.attn_qkv.weight,46,linear_attention,attention_projection,32,32,0.328125,0.017266511917114258,0
blk.46.ffn_down.weight,46,linear_attention,mlp,32,31,0.327880859375,0.01285099983215332,0
blk.46.ffn_gate.weight,46,linear_attention,mlp,32,28,0.3251953125,0.011896371841430664,0
blk.46.ffn_up.weight,46,linear_attention,mlp,32,31,0.3271484375,0.012615442276000977,0
blk.46.ssm_out.weight,46,linear_attention,recurrent_state,32,31,0.327880859375,0.017603158950805664,0
blk.47.attn_k.weight,47,full_attention,attention_projection,32,32,0.328125,0.016122102737426758,0
blk.47.attn_output.weight,47,full_attention,attention_projection,32,29,0.32568359375,0.01816558837890625,0
blk.47.attn_q.weight,47,full_attention,attention_projection,32,27,0.32568359375,0.01655888557434082,0
blk.47.attn_v.weight,47,full_attention,attention_projection,32,31,0.326904296875,0.02126598358154297,0
blk.47.ffn_down.weight,47,full_attention,mlp,32,32,0.328125,0.012658119201660156,0
blk.47.ffn_gate.weight,47,full_attention,mlp,32,32,0.328125,0.011514902114868164,0
blk.47.ffn_up.weight,47,full_attention,mlp,32,29,0.325439453125,0.012468814849853516,0
blk.48.attn_gate.weight,48,linear_attention,attention_projection,32,32,0.328125,0.015594482421875,0
blk.48.attn_qkv.weight,48,linear_attention,attention_projection,32,32,0.328125,0.017594099044799805,0
blk.48.ffn_down.weight,48,linear_attention,mlp,32,31,0.327392578125,0.012575387954711914,0
blk.48.ffn_gate.weight,48,linear_attention,mlp,32,30,0.32666015625,0.011613607406616211,0
blk.48.ffn_up.weight,48,linear_attention,mlp,32,32,0.328125,0.012847900390625,0
blk.48.ssm_out.weight,48,linear_attention,recurrent_state,32,30,0.32763671875,0.01714015007019043,0
blk.49.attn_gate.weight,49,linear_attention,attention_projection,32,31,0.32763671875,0.014268159866333008,0
blk.49.attn_qkv.weight,49,linear_attention,attention_projection,32,32,0.328125,0.017910242080688477,0
blk.49.ffn_down.weight,49,linear_attention,mlp,32,31,0.327880859375,0.012804031372070312,0
blk.49.ffn_gate.weight,49,linear_attention,mlp,32,31,0.32666015625,0.01172947883605957,0
blk.49.ffn_up.weight,49,linear_attention,mlp,32,28,0.326904296875,0.013012409210205078,0
blk.49.ssm_out.weight,49,linear_attention,recurrent_state,32,31,0.32666015625,0.01712489128112793,0
blk.50.attn_gate.weight,50,linear_attention,attention_projection,32,29,0.323974609375,0.015712976455688477,0
blk.50.attn_qkv.weight,50,linear_attention,attention_projection,32,31,0.327392578125,0.018020153045654297,0
blk.50.ffn_down.weight,50,linear_attention,mlp,32,31,0.327392578125,0.012718439102172852,0
blk.50.ffn_gate.weight,50,linear_attention,mlp,32,29,0.3251953125,0.011882305145263672,0
blk.50.ffn_up.weight,50,linear_attention,mlp,32,31,0.327880859375,0.013144254684448242,0
blk.50.ssm_out.weight,50,linear_attention,recurrent_state,32,29,0.32568359375,0.016355276107788086,0
blk.51.attn_k.weight,51,full_attention,attention_projection,32,32,0.328125,0.015456557273864746,0
blk.51.attn_output.weight,51,full_attention,attention_projection,32,31,0.3271484375,0.019016742706298828,0
blk.51.attn_q.weight,51,full_attention,attention_projection,32,30,0.3251953125,0.015485048294067383,0
blk.51.attn_v.weight,51,full_attention,attention_projection,32,32,0.328125,0.022064924240112305,0
blk.51.ffn_down.weight,51,full_attention,mlp,32,31,0.327880859375,0.012769699096679688,0
blk.51.ffn_gate.weight,51,full_attention,mlp,32,29,0.324951171875,0.012118339538574219,0
blk.51.ffn_up.weight,51,full_attention,mlp,32,31,0.327880859375,0.0127105712890625,0
blk.52.attn_gate.weight,52,linear_attention,attention_projection,32,32,0.328125,0.0160977840423584,0
blk.52.attn_qkv.weight,52,linear_attention,attention_projection,32,31,0.327880859375,0.01745009422302246,0
blk.52.ffn_down.weight,52,linear_attention,mlp,32,32,0.328125,0.012798070907592773,0
blk.52.ffn_gate.weight,52,linear_attention,mlp,32,31,0.327880859375,0.013128042221069336,0
blk.52.ffn_up.weight,52,linear_attention,mlp,32,32,0.328125,0.012859821319580078,0
blk.52.ssm_out.weight,52,linear_attention,recurrent_state,32,30,0.327392578125,0.016827821731567383,0
blk.53.attn_gate.weight,53,linear_attention,attention_projection,32,30,0.325927734375,0.016398906707763672,0
blk.53.attn_qkv.weight,53,linear_attention,attention_projection,32,32,0.328125,0.01807570457458496,0
blk.53.ffn_down.weight,53,linear_attention,mlp,32,31,0.32763671875,0.012729167938232422,0
blk.53.ffn_gate.weight,53,linear_attention,mlp,32,30,0.326171875,0.013196945190429688,0
blk.53.ffn_up.weight,53,linear_attention,mlp,32,31,0.327880859375,0.013183116912841797,0
blk.53.ssm_out.weight,53,linear_attention,recurrent_state,32,32,0.328125,0.016490936279296875,0
blk.54.attn_gate.weight,54,linear_attention,attention_projection,32,31,0.327880859375,0.017132043838500977,0
blk.54.attn_qkv.weight,54,linear_attention,attention_projection,32,30,0.327392578125,0.018175840377807617,0
blk.54.ffn_down.weight,54,linear_attention,mlp,32,31,0.32763671875,0.013013362884521484,0
blk.54.ffn_gate.weight,54,linear_attention,mlp,32,32,0.328125,0.012887954711914062,0
blk.54.ffn_up.weight,54,linear_attention,mlp,32,32,0.328125,0.013405323028564453,0
blk.54.ssm_out.weight,54,linear_attention,recurrent_state,32,27,0.324462890625,0.017010211944580078,0
blk.55.attn_k.weight,55,full_attention,attention_projection,32,30,0.321044921875,0.014810442924499512,0
blk.55.attn_output.weight,55,full_attention,attention_projection,32,31,0.32666015625,0.019165515899658203,0
blk.55.attn_q.weight,55,full_attention,attention_projection,32,32,0.328125,0.016688108444213867,0
blk.55.attn_v.weight,55,full_attention,attention_projection,32,32,0.328125,0.02331233024597168,0
blk.55.ffn_down.weight,55,full_attention,mlp,32,30,0.32666015625,0.012912511825561523,0
blk.55.ffn_gate.weight,55,full_attention,mlp,32,30,0.32763671875,0.013194084167480469,0
blk.55.ffn_up.weight,55,full_attention,mlp,32,32,0.328125,0.01315927505493164,0
blk.56.attn_gate.weight,56,linear_attention,attention_projection,32,31,0.327880859375,0.016806840896606445,0
blk.56.attn_qkv.weight,56,linear_attention,attention_projection,32,31,0.32763671875,0.017940044403076172,0
blk.56.ffn_down.weight,56,linear_attention,mlp,32,32,0.328125,0.013319969177246094,0
blk.56.ffn_gate.weight,56,linear_attention,mlp,32,32,0.328125,0.013518333435058594,0
blk.56.ffn_up.weight,56,linear_attention,mlp,32,32,0.328125,0.012928009033203125,0
blk.56.ssm_out.weight,56,linear_attention,recurrent_state,32,31,0.327880859375,0.01700592041015625,0
blk.57.attn_gate.weight,57,linear_attention,attention_projection,32,32,0.328125,0.01690959930419922,0
blk.57.attn_qkv.weight,57,linear_attention,attention_projection,32,31,0.327392578125,0.018068790435791016,0
blk.57.ffn_down.weight,57,linear_attention,mlp,32,32,0.328125,0.013075590133666992,0
blk.57.ffn_gate.weight,57,linear_attention,mlp,32,31,0.327880859375,0.014194965362548828,0
blk.57.ffn_up.weight,57,linear_attention,mlp,32,32,0.328125,0.013801336288452148,0
blk.57.ssm_out.weight,57,linear_attention,recurrent_state,32,31,0.327880859375,0.017694950103759766,0
blk.58.attn_gate.weight,58,linear_attention,attention_projection,32,31,0.327880859375,0.01779031753540039,0
blk.58.attn_qkv.weight,58,linear_attention,attention_projection,32,32,0.328125,0.0177762508392334,0
blk.58.ffn_down.weight,58,linear_attention,mlp,32,32,0.328125,0.013726234436035156,0
blk.58.ffn_gate.weight,58,linear_attention,mlp,32,32,0.328125,0.014494895935058594,0
blk.58.ffn_up.weight,58,linear_attention,mlp,32,32,0.328125,0.013936281204223633,0
blk.58.ssm_out.weight,58,linear_attention,recurrent_state,32,32,0.328125,0.017125606536865234,0
blk.59.attn_k.weight,59,full_attention,attention_projection,32,31,0.327880859375,0.014229655265808105,0
blk.59.attn_output.weight,59,full_attention,attention_projection,32,32,0.328125,0.021352291107177734,0
blk.59.attn_q.weight,59,full_attention,attention_projection,32,32,0.328125,0.014909505844116211,0
blk.59.attn_v.weight,59,full_attention,attention_projection,32,30,0.324951171875,0.030256032943725586,0
blk.59.ffn_down.weight,59,full_attention,mlp,32,32,0.328125,0.014061212539672852,0
blk.59.ffn_gate.weight,59,full_attention,mlp,32,32,0.328125,0.014232397079467773,0
blk.59.ffn_up.weight,59,full_attention,mlp,32,30,0.32763671875,0.013543367385864258,0
blk.60.attn_gate.weight,60,linear_attention,attention_projection,32,32,0.328125,0.01715826988220215,0
blk.60.attn_qkv.weight,60,linear_attention,attention_projection,32,31,0.327880859375,0.019645214080810547,0
blk.60.ffn_down.weight,60,linear_attention,mlp,32,31,0.327880859375,0.01382899284362793,0
blk.60.ffn_gate.weight,60,linear_attention,mlp,32,32,0.328125,0.013568639755249023,0
blk.60.ffn_up.weight,60,linear_attention,mlp,32,32,0.328125,0.013676166534423828,0
blk.60.ssm_out.weight,60,linear_attention,recurrent_state,32,31,0.32763671875,0.0174562931060791,0
blk.61.attn_gate.weight,61,linear_attention,attention_projection,32,32,0.328125,0.016886234283447266,0
blk.61.attn_qkv.weight,61,linear_attention,attention_projection,32,32,0.328125,0.017628192901611328,0
blk.61.ffn_down.weight,61,linear_attention,mlp,32,32,0.328125,0.014207124710083008,0
blk.61.ffn_gate.weight,61,linear_attention,mlp,32,31,0.327880859375,0.014265060424804688,0
blk.61.ffn_up.weight,61,linear_attention,mlp,32,28,0.325927734375,0.014121770858764648,0
blk.61.ssm_out.weight,61,linear_attention,recurrent_state,32,30,0.327392578125,0.017779827117919922,0
blk.62.attn_gate.weight,62,linear_attention,attention_projection,32,31,0.32666015625,0.016290664672851562,0
blk.62.attn_qkv.weight,62,linear_attention,attention_projection,32,32,0.328125,0.01708841323852539,0
blk.62.ffn_down.weight,62,linear_attention,mlp,32,32,0.328125,0.013895273208618164,0
blk.62.ffn_gate.weight,62,linear_attention,mlp,32,31,0.327880859375,0.014342784881591797,0
blk.62.ffn_up.weight,62,linear_attention,mlp,32,31,0.327880859375,0.014419794082641602,0
blk.62.ssm_out.weight,62,linear_attention,recurrent_state,32,32,0.328125,0.01809215545654297,0
blk.63.attn_k.weight,63,full_attention,attention_projection,32,32,0.328125,0.01388847827911377,0
blk.63.attn_output.weight,63,full_attention,attention_projection,32,32,0.328125,0.01936483383178711,0
blk.63.attn_q.weight,63,full_attention,attention_projection,32,32,0.328125,0.014757633209228516,0
blk.63.attn_v.weight,63,full_attention,attention_projection,32,32,0.328125,0.028654098510742188,0
blk.63.ffn_down.weight,63,full_attention,mlp,32,32,0.328125,0.012543678283691406,0
blk.63.ffn_gate.weight,63,full_attention,mlp,32,31,0.32763671875,0.014536142349243164,0
blk.63.ffn_up.weight,63,full_attention,mlp,32,30,0.327392578125,0.014026641845703125,0
