rv2-08-q1-long-far-base-gold	analysis/bonsai2/remote_state_gate/ids/rv2-08-q1-long-far-base-gold.ids	12302	12302	9
rv2-08-q1-long-far-base-wrong	analysis/bonsai2/remote_state_gate/ids/rv2-08-q1-long-far-base-wrong.ids	12302	12302	9
rv2-08-q1-long-far-swap-gold	analysis/bonsai2/remote_state_gate/ids/rv2-08-q1-long-far-swap-gold.ids	12302	12302	9
rv2-08-q1-long-far-swap-wrong	analysis/bonsai2/remote_state_gate/ids/rv2-08-q1-long-far-swap-wrong.ids	12302	12302	9
rv2-09-q1-long-far-base-gold	analysis/bonsai2/remote_state_gate/ids/rv2-09-q1-long-far-base-gold.ids	12285	12285	9
rv2-09-q1-long-far-base-wrong	analysis/bonsai2/remote_state_gate/ids/rv2-09-q1-long-far-base-wrong.ids	12285	12285	9
rv2-09-q1-long-far-swap-gold	analysis/bonsai2/remote_state_gate/ids/rv2-09-q1-long-far-swap-gold.ids	12285	12285	9
rv2-09-q1-long-far-swap-wrong	analysis/bonsai2/remote_state_gate/ids/rv2-09-q1-long-far-swap-wrong.ids	12285	12285	9
rv2-10-q1-long-far-base-gold	analysis/bonsai2/remote_state_gate/ids/rv2-10-q1-long-far-base-gold.ids	12283	12283	9
rv2-10-q1-long-far-base-wrong	analysis/bonsai2/remote_state_gate/ids/rv2-10-q1-long-far-base-wrong.ids	12283	12283	9
rv2-10-q1-long-far-swap-gold	analysis/bonsai2/remote_state_gate/ids/rv2-10-q1-long-far-swap-gold.ids	12283	12283	9
rv2-10-q1-long-far-swap-wrong	analysis/bonsai2/remote_state_gate/ids/rv2-10-q1-long-far-swap-wrong.ids	12283	12283	9
rv2-11-q1-long-far-base-gold	analysis/bonsai2/remote_state_gate/ids/rv2-11-q1-long-far-base-gold.ids	12303	12303	9
rv2-11-q1-long-far-base-wrong	analysis/bonsai2/remote_state_gate/ids/rv2-11-q1-long-far-base-wrong.ids	12303	12303	9
rv2-11-q1-long-far-swap-gold	analysis/bonsai2/remote_state_gate/ids/rv2-11-q1-long-far-swap-gold.ids	12303	12303	9
rv2-11-q1-long-far-swap-wrong	analysis/bonsai2/remote_state_gate/ids/rv2-11-q1-long-far-swap-wrong.ids	12303	12303	9
rv2-12-q1-long-far-base-gold	analysis/bonsai2/remote_state_gate/ids/rv2-12-q1-long-far-base-gold.ids	12310	12310	9
rv2-12-q1-long-far-base-wrong	analysis/bonsai2/remote_state_gate/ids/rv2-12-q1-long-far-base-wrong.ids	12310	12310	9
rv2-12-q1-long-far-swap-gold	analysis/bonsai2/remote_state_gate/ids/rv2-12-q1-long-far-swap-gold.ids	12310	12310	9
rv2-12-q1-long-far-swap-wrong	analysis/bonsai2/remote_state_gate/ids/rv2-12-q1-long-far-swap-wrong.ids	12310	12310	9
rv2-13-q1-long-far-base-gold	analysis/bonsai2/remote_state_gate/ids/rv2-13-q1-long-far-base-gold.ids	12282	12282	9
rv2-13-q1-long-far-base-wrong	analysis/bonsai2/remote_state_gate/ids/rv2-13-q1-long-far-base-wrong.ids	12282	12282	9
rv2-13-q1-long-far-swap-gold	analysis/bonsai2/remote_state_gate/ids/rv2-13-q1-long-far-swap-gold.ids	12282	12282	9
rv2-13-q1-long-far-swap-wrong	analysis/bonsai2/remote_state_gate/ids/rv2-13-q1-long-far-swap-wrong.ids	12282	12282	9
rv2-14-q1-long-far-base-gold	analysis/bonsai2/remote_state_gate/ids/rv2-14-q1-long-far-base-gold.ids	12288	12288	9
rv2-14-q1-long-far-base-wrong	analysis/bonsai2/remote_state_gate/ids/rv2-14-q1-long-far-base-wrong.ids	12288	12288	9
rv2-14-q1-long-far-swap-gold	analysis/bonsai2/remote_state_gate/ids/rv2-14-q1-long-far-swap-gold.ids	12288	12288	9
rv2-14-q1-long-far-swap-wrong	analysis/bonsai2/remote_state_gate/ids/rv2-14-q1-long-far-swap-wrong.ids	12288	12288	9
rv2-15-q1-long-far-base-gold	analysis/bonsai2/remote_state_gate/ids/rv2-15-q1-long-far-base-gold.ids	12299	12299	9
rv2-15-q1-long-far-base-wrong	analysis/bonsai2/remote_state_gate/ids/rv2-15-q1-long-far-base-wrong.ids	12299	12299	9
rv2-15-q1-long-far-swap-gold	analysis/bonsai2/remote_state_gate/ids/rv2-15-q1-long-far-swap-gold.ids	12299	12299	9
rv2-15-q1-long-far-swap-wrong	analysis/bonsai2/remote_state_gate/ids/rv2-15-q1-long-far-swap-wrong.ids	12299	12299	9
